<?xml version="1.0" encoding="UTF-8"?>

<beans xmlns="http://www.springframework.org/schema/beans"
	xmlns:xsi="http://www.w3.org/2001/XMLSchema-instance"
	xsi:schemaLocation="http://www.springframework.org/schema/beans 
	                    http://www.springframework.org/schema/beans/spring-beans-2.5.xsd">

	<bean name="/exercises.s"
          class="com.sonatype.workout.web.ExercisesController">
        <property name="exerciseService" ref="exerciseService"/>
    </bean>

	<!-- This bean sets up the Velocity environment for us based on a root path 
		for templates. Optionally, a properties file can be specified for more control 
		over the Velocity environment, but the defaults are pretty sane for file 
		based template loading. -->
	<bean id="velocityConfig"
		class="org.springframework.web.servlet.view.velocity.VelocityConfigurer">
		<property name="resourceLoaderPath" value="/WEB-INF/velocity/" />
	</bean>

	<!-- View resolvers can also be configured with ResourceBundles or XML files. 
		If you need different view resolving based on Locale, you have to use the 
		resource bundle resolver. -->
	<bean id="viewResolver"
		class="org.springframework.web.servlet.view.velocity.VelocityViewResolver">
		<property name="cache" value="true" />
		<property name="prefix" value="" />
		<property name="suffix" value=".vm" />

		<!-- if you want to use the Spring Velocity macros, set this property to 
			true -->
		<property name="exposeSpringMacroHelpers" value="true" />

	</bean>
	
</beans>