<?xml version="1.0" encoding="UTF-8"?>
<!DOCTYPE hibernate-mapping PUBLIC
"-//Hibernate/Hibernate Mapping DTD 3.0//EN"
"http://hibernate.sourceforge.net/hibernate-mapping-3.0.dtd">
<hibernate-mapping>
 	<class name="com.sonatype.workout.model.Workout" table="workouts">
 	 	<id column="id" name="id" type="integer">
 	 		<generator class="native"/>
 	 	</id>
 	 	<property column="date" name="date" type="timestamp"/>
 	 	<many-to-one name="user" column="user_id" class="com.sonatype.workout.model.User"/>
 	 	<many-to-one name="location" column="location_id" class="com.sonatype.workout.model.Location"/>
 	</class>
</hibernate-mapping>